[
   
    {
        "Name" : "Kartik",
        "Dept" : "AI",
        "Emp_ID" : 70612300064,
        "Email" : ["kartik@gmail.com","kartik064@nmims.in"],
        "PhoneNo" : 1234567890
    },
    {
        "Name" : "Rupesh",
        "Dept" : "ML",
        "Emp_ID" : 70612300001,
        "Email" : ["abc@gmail.com","xyz@nmims.in"],
        "PhoneNo" : 1234567891
    },
    {
        "Name" : "Amey",
        "Dept" : "CS",
        "Emp_ID" : 70612300066,
        "Email" : ["qwe@gmail.com","zxc@nmims.in"],
        "PhoneNo" : 1234567892
    },
    {
        "Name" : "Mitej",
        "Dept" : "HR",
        "Emp_ID" : 70612300068,
        "Email" : ["qwerty@gmail.com","asd@nmims.in"],
        "PhoneNo" : 1234567893
    }
    
]