{
    "student_data":[
    {
        "Name" : "Kartik",
        "RollNo" : "A035",
        "SAP_ID" : 70612300064,
        "Email" : ["kartik@gmail.com","kartik064@nmims.in"],
        "PhoneNo" : 1234567890
    },
    {
        "Name" : "Rupesh",
        "RollNo" : "A060",
        "SAP_ID" : 70612300001,
        "Email" : ["abc@gmail.com","xyz@nmims.in"],
        "PhoneNo" : 1234567891
    },
    {
        "Name" : "Amey",
        "RollNo" : "A036",
        "SAP_ID" : 70612300066,
        "Email" : ["qwe@gmail.com","zxc@nmims.in"],
        "PhoneNo" : 1234567892
    },
    {
        "Name" : "Mitej",
        "RollNo" : "A037",
        "SAP_ID" : 70612300068,
        "Email" : ["qwerty@gmail.com","asd@nmims.in"],
        "PhoneNo" : 1234567893
    }
    ]
}