<?xml version="1.0" encoding="UTF-8"?>
<student>
    <record course="MCA">
        <sapid>123</sapid>
        <name>Kartik</name>
        <course>MCA</course>
        <dob>19/12/2002</dob>
        <division>A</division>
    </record>
    <record course="Btech">
        <sapid>456</sapid>
        <name>Rupesh</name>
        <course>Btech</course>
        <dob>18/12/2002</dob>
        <division>B</division>
    </record>
    <record course="MBATech">
        <sapid>789</sapid>
        <name>Amey</name>
        <course>MBATech</course>
        <dob>17/12/2002</dob>
        <division>C</division>
    </record>
    <record course="Mtech">
        <sapid>321</sapid>
        <name>Mitej</name>
        <course>M.Tech</course>
        <dob>16/12/2002</dob>
        <division>D</division>
    </record>
    <record course="BTI">
        <sapid>654</sapid>
        <name>Ansh</name>
        <course>BTI</course>
        <dob>15/12/2002</dob>
        <division>E</division>
    </record>
</student>